-- MySQL dump 10.13  Distrib 8.0.19, for Win64 (x86_64)
--
-- Host: localhost    Database: agendabolo
-- ------------------------------------------------------
-- Server version	8.0.27

/*!40101 SET @OLD_CHARACTER_SET_CLIENT=@@CHARACTER_SET_CLIENT */;
/*!40101 SET @OLD_CHARACTER_SET_RESULTS=@@CHARACTER_SET_RESULTS */;
/*!40101 SET @OLD_COLLATION_CONNECTION=@@COLLATION_CONNECTION */;
/*!50503 SET NAMES utf8mb4 */;
/*!40103 SET @OLD_TIME_ZONE=@@TIME_ZONE */;
/*!40103 SET TIME_ZONE='+00:00' */;
/*!40014 SET @OLD_UNIQUE_CHECKS=@@UNIQUE_CHECKS, UNIQUE_CHECKS=0 */;
/*!40014 SET @OLD_FOREIGN_KEY_CHECKS=@@FOREIGN_KEY_CHECKS, FOREIGN_KEY_CHECKS=0 */;
/*!40101 SET @OLD_SQL_MODE=@@SQL_MODE, SQL_MODE='NO_AUTO_VALUE_ON_ZERO' */;
/*!40111 SET @OLD_SQL_NOTES=@@SQL_NOTES, SQL_NOTES=0 */;

--
-- Table structure for table `fabricantes`
--

DROP TABLE IF EXISTS `fabricantes`;
/*!40101 SET @saved_cs_client     = @@character_set_client */;
/*!50503 SET character_set_client = utf8mb4 */;
CREATE TABLE `fabricantes` (
  `id` int NOT NULL AUTO_INCREMENT,
  `nome` varchar(100) DEFAULT NULL,
  `status` tinyint NOT NULL DEFAULT '0',
  `descricao` varchar(500) CHARACTER SET utf8 COLLATE utf8_general_ci DEFAULT NULL,
  PRIMARY KEY (`id`)
) ENGINE=InnoDB AUTO_INCREMENT=28 DEFAULT CHARSET=utf8mb4 COLLATE=utf8mb4_0900_ai_ci;
/*!40101 SET character_set_client = @saved_cs_client */;

--
-- Dumping data for table `fabricantes`
--

LOCK TABLES `fabricantes` WRITE;
/*!40000 ALTER TABLE `fabricantes` DISABLE KEYS */;
INSERT INTO `fabricantes` VALUES (2,'FABRICANTE TESTE XXX',1,'FABRICANTE TESTE XXX'),(3,'FABRICANTE QUICANTE',3,'FABRICANTE QUICANTE'),(14,'FABICANTE TESTE 123',1,'XAXAXAXAXA'),(16,'DONA BENTA TIPO1',1,'DONA BENTA FORNECEDOR DE TRIGO'),(17,'NORCAL',1,'FORNECE CHANTILI'),(26,'FORNECEDOR QUE INCLUI AGORA',3,'FORNECEDOR QUE INCLUI AGORA'),(27,'ZEBRA',1,'ZEBRA');
/*!40000 ALTER TABLE `fabricantes` ENABLE KEYS */;
UNLOCK TABLES;

--
-- Table structure for table `ingredientes`
--

DROP TABLE IF EXISTS `ingredientes`;
/*!40101 SET @saved_cs_client     = @@character_set_client */;
/*!50503 SET character_set_client = utf8mb4 */;
CREATE TABLE `ingredientes` (
  `id` int NOT NULL AUTO_INCREMENT,
  `nome` varchar(100) DEFAULT NULL,
  `precocusto` decimal(18,4) DEFAULT NULL,
  `status` tinyint NOT NULL,
  `quantidadeEmbalagem` decimal(18,4) DEFAULT NULL,
  PRIMARY KEY (`id`)
) ENGINE=InnoDB AUTO_INCREMENT=332 DEFAULT CHARSET=utf8mb4 COLLATE=utf8mb4_0900_ai_ci;
/*!40101 SET character_set_client = @saved_cs_client */;

--
-- Dumping data for table `ingredientes`
--

LOCK TABLES `ingredientes` WRITE;
/*!40000 ALTER TABLE `ingredientes` DISABLE KEYS */;
INSERT INTO `ingredientes` VALUES (1,'FARINHA DE TRIGO',10.5500,1,1000.0000),(2,'LEITE CONDENSADO MOÇA LATA 395G',8.9900,1,1000.0000),(3,'LEITE INTEGRAL 1L',4.5000,1,0.0000),(4,'CREME DE LEITE CAIXA 200G',3.5000,1,0.0000),(5,'MARGARINA 80% GORDURA',0.0000,1,1000.0000),(6,'QUEIJO MUSSARELA PJ KG',39.9000,2,1000.0000),(9,'INGREDIENTE 9',19.6900,1,1000.0000),(10,'INGREDIENTE 10',3.7600,1,1000.0000),(11,'INGREDIENTE 11',19.7200,1,1000.0000),(12,'INGREDIENTE 12',27.3400,1,1000.0000),(13,'INGREDIENTE 13',17.5300,1,1000.0000),(14,'INGREDIENTE 14',5.6100,1,1000.0000),(15,'INGREDIENTE 15',5.4900,1,1000.0000),(16,'INGREDIENTE 16',10.6000,1,1000.0000),(17,'INGREDIENTE 17',6.5300,3,1000.0000),(18,'INGREDIENTE 18',0.8600,3,1000.0000),(19,'INGREDIENTE 19',14.7000,1,1000.0000),(20,'INGREDIENTE 20',10.9300,1,1000.0000),(21,'INGREDIENTE 21',10.5300,1,1000.0000),(22,'INGREDIENTE 22',19.8500,1,1000.0000),(23,'INGREDIENTE 23',7.6800,1,1000.0000),(24,'INGREDIENTE 24',8.8500,1,1000.0000),(25,'INGREDIENTE 25',21.2000,1,1000.0000),(26,'INGREDIENTE 26',19.4700,1,1000.0000),(27,'INGREDIENTE 27',3.7500,1,1000.0000),(28,'INGREDIENTE 28',20.3300,1,1000.0000),(29,'INGREDIENTE 29',0.4200,1,1000.0000),(30,'INGREDIENTE 30',1.1100,1,1000.0000),(31,'INGREDIENTE 31',4.2800,1,1000.0000),(32,'INGREDIENTE 32',18.0500,1,1000.0000),(33,'INGREDIENTE 33',17.4400,1,1000.0000),(34,'INGREDIENTE 34',3.0500,1,1000.0000),(35,'INGREDIENTE 35',22.9100,1,1000.0000),(36,'INGREDIENTE 36',15.4000,1,1000.0000),(37,'INGREDIENTE 37',8.2800,1,1000.0000),(38,'INGREDIENTE 38',25.1800,1,1000.0000),(39,'INGREDIENTE 39',11.0700,1,1000.0000),(40,'INGREDIENTE 40',9.8100,1,1000.0000),(41,'INGREDIENTE 41',15.8300,1,1000.0000),(42,'INGREDIENTE 42',19.7200,1,1000.0000),(43,'INGREDIENTE 43',21.1100,1,1000.0000),(44,'INGREDIENTE 44',16.3900,1,1000.0000),(45,'INGREDIENTE 45',18.6100,1,1000.0000),(46,'INGREDIENTE 46',13.9000,1,1000.0000),(47,'INGREDIENTE 47',13.6800,1,1000.0000),(48,'INGREDIENTE 48',26.6800,1,1000.0000),(49,'INGREDIENTE 49',2.3800,1,1000.0000),(50,'INGREDIENTE 50',21.8600,1,1000.0000),(51,'INGREDIENTE 51',12.1700,1,1000.0000),(52,'INGREDIENTE 52',25.2400,1,1000.0000),(53,'INGREDIENTE 53',29.7200,1,1000.0000),(54,'INGREDIENTE 54',12.8500,1,1000.0000),(55,'INGREDIENTE 55',5.1000,1,1000.0000),(56,'INGREDIENTE 56',16.9600,1,1000.0000),(57,'INGREDIENTE 57',9.5100,1,1000.0000),(58,'INGREDIENTE 58',26.6500,1,1000.0000),(59,'INGREDIENTE 59',14.7300,1,1000.0000),(60,'INGREDIENTE 60',23.6800,1,1000.0000),(61,'INGREDIENTE 61',14.2100,1,1000.0000),(62,'INGREDIENTE 62',0.0400,1,1000.0000),(63,'INGREDIENTE 63',17.5300,1,1000.0000),(64,'INGREDIENTE 64',27.5600,1,1000.0000),(65,'INGREDIENTE 65',25.2200,1,1000.0000),(66,'INGREDIENTE 66',13.3900,1,1000.0000),(67,'INGREDIENTE 67',21.3000,1,1000.0000),(68,'INGREDIENTE 68',6.3400,1,1000.0000),(69,'INGREDIENTE 69',27.7800,1,1000.0000),(70,'INGREDIENTE 70',29.8800,1,1000.0000),(71,'INGREDIENTE 71',6.0700,1,1000.0000),(72,'INGREDIENTE 72',0.7300,1,1000.0000),(73,'INGREDIENTE 73',15.4100,1,1000.0000),(74,'INGREDIENTE 74',14.8900,1,1000.0000),(75,'INGREDIENTE 75',28.1900,1,1000.0000),(76,'INGREDIENTE 76',6.3000,1,1000.0000),(77,'INGREDIENTE 77',6.9200,1,1000.0000),(78,'INGREDIENTE 78',15.6900,1,1000.0000),(79,'INGREDIENTE 79',27.6900,1,1000.0000),(80,'INGREDIENTE 80',1.3800,1,1000.0000),(81,'INGREDIENTE 81',13.8200,1,1000.0000),(82,'INGREDIENTE 82',4.9900,1,1000.0000),(83,'INGREDIENTE 83',13.4800,1,1000.0000),(84,'INGREDIENTE 84',22.4200,1,1000.0000),(85,'INGREDIENTE 85',11.6800,1,1000.0000),(86,'INGREDIENTE 86',21.1400,1,1000.0000),(87,'INGREDIENTE 87',10.6400,1,1000.0000),(88,'INGREDIENTE 88',19.7900,1,1000.0000),(89,'INGREDIENTE 89',7.0300,1,1000.0000),(90,'INGREDIENTE 90',5.7800,1,1000.0000),(91,'INGREDIENTE 91',7.8000,1,1000.0000),(92,'INGREDIENTE 92',21.6800,1,1000.0000),(93,'INGREDIENTE 93',24.9900,1,1000.0000),(94,'INGREDIENTE 94',29.9100,1,1000.0000),(95,'INGREDIENTE 95',14.5600,1,1000.0000),(96,'INGREDIENTE 96',13.0900,1,1000.0000),(97,'INGREDIENTE 97',21.7800,1,1000.0000),(98,'INGREDIENTE 98',9.6300,1,1000.0000),(99,'INGREDIENTE 99',12.8100,1,1000.0000),(100,'INGREDIENTE 100',5.1300,1,1000.0000),(101,'INGREDIENTE 101',17.2600,1,1000.0000),(102,'INGREDIENTE 102',10.8800,1,1000.0000),(103,'INGREDIENTE 103',2.6300,1,1000.0000),(104,'INGREDIENTE 104',10.5300,1,1000.0000),(105,'INGREDIENTE 105',14.7300,1,1000.0000),(106,'INGREDIENTE 106',12.0700,1,1000.0000),(107,'INGREDIENTE 107',16.1600,1,1000.0000),(108,'INGREDIENTE 108',14.5900,1,1000.0000),(109,'INGREDIENTE 109',24.4800,1,1000.0000),(110,'INGREDIENTE 110',18.6200,1,1000.0000),(111,'INGREDIENTE 111',19.6700,1,1000.0000),(112,'INGREDIENTE 112',12.4700,1,1000.0000),(113,'INGREDIENTE 113',3.3300,1,1000.0000),(114,'INGREDIENTE 114',9.2500,1,1000.0000),(115,'INGREDIENTE 115',6.2700,1,1000.0000),(116,'INGREDIENTE 116',3.5800,1,1000.0000),(117,'INGREDIENTE 117',29.0900,1,1000.0000),(118,'INGREDIENTE 118',14.7400,1,1000.0000),(119,'INGREDIENTE 119',16.4000,1,1000.0000),(120,'INGREDIENTE 120',7.7900,1,1000.0000),(121,'INGREDIENTE 121',19.7500,1,1000.0000),(122,'INGREDIENTE 122',15.3900,1,1000.0000),(123,'INGREDIENTE 123',17.7000,1,1000.0000),(124,'INGREDIENTE 124',12.3000,1,1000.0000),(125,'INGREDIENTE 125',8.4400,1,1000.0000),(126,'INGREDIENTE 126',5.2700,1,1000.0000),(127,'INGREDIENTE 127',1.0300,1,1000.0000),(128,'INGREDIENTE 128',19.3600,1,1000.0000),(129,'INGREDIENTE 129',3.7100,1,1000.0000),(130,'AAA INSUMO #123',48.0000,1,0.0000),(131,'INGREDIENTE 131',20.4600,1,1000.0000),(132,'INGREDIENTE 132',1.1500,1,1000.0000),(133,'INGREDIENTE 133',4.4000,1,1000.0000),(134,'INGREDIENTE 134',18.5300,1,1000.0000),(135,'INGREDIENTE 135',19.4600,1,1000.0000),(136,'INGREDIENTE 136',11.7200,1,1000.0000),(137,'INGREDIENTE 137',0.2100,1,1000.0000),(138,'INGREDIENTE 138',25.9000,1,1000.0000),(139,'INGREDIENTE 139',8.8500,1,1000.0000),(140,'INGREDIENTE 140',26.5700,1,1000.0000),(141,'INGREDIENTE 141',16.3100,1,1000.0000),(142,'INGREDIENTE 142',1.8100,1,1000.0000),(143,'INGREDIENTE 143',20.1300,1,1000.0000),(144,'INGREDIENTE 144',5.2200,1,1000.0000),(145,'INGREDIENTE 145',25.7300,1,1000.0000),(146,'INGREDIENTE 146',22.9700,1,1000.0000),(147,'INGREDIENTE 147',7.6600,1,1000.0000),(148,'INGREDIENTE 148',29.4000,1,1000.0000),(149,'INGREDIENTE 149',4.0300,1,1000.0000),(150,'INGREDIENTE 150',21.9200,1,1000.0000),(151,'INGREDIENTE 151',7.5300,1,1000.0000),(152,'INGREDIENTE 152',1.8800,1,1000.0000),(153,'INGREDIENTE 153',16.8000,1,1000.0000),(154,'INGREDIENTE 154',18.3600,1,1000.0000),(155,'INGREDIENTE 155',11.4200,1,1000.0000),(156,'INGREDIENTE 156',2.0100,1,1000.0000),(157,'INGREDIENTE 157',5.8000,1,1000.0000),(158,'INGREDIENTE 158',22.9400,1,1000.0000),(159,'INGREDIENTE 159',7.3400,1,1000.0000),(160,'INGREDIENTE 160',27.8500,1,1000.0000),(161,'INGREDIENTE 161',27.2500,1,1000.0000),(162,'INGREDIENTE 162',22.6700,1,1000.0000),(163,'INGREDIENTE 163',1.6400,1,1000.0000),(164,'INGREDIENTE 164',0.1600,1,1000.0000),(165,'INGREDIENTE 165',25.8800,1,1000.0000),(166,'INGREDIENTE 166',8.9200,1,1000.0000),(167,'INGREDIENTE 167',26.9500,1,1000.0000),(168,'INGREDIENTE 168',18.0200,1,1000.0000),(169,'INGREDIENTE 169',9.2300,1,1000.0000),(170,'INGREDIENTE 170',22.0800,1,1000.0000),(171,'INGREDIENTE 171',22.7400,1,1000.0000),(172,'INGREDIENTE 172',17.4500,1,1000.0000),(173,'INGREDIENTE 173',19.0300,1,1000.0000),(174,'INGREDIENTE 174',12.7900,1,1000.0000),(175,'INGREDIENTE 175',6.8500,1,1000.0000),(176,'INGREDIENTE 176',25.9100,1,1000.0000),(177,'INGREDIENTE 177',18.9700,1,1000.0000),(178,'INGREDIENTE 178',17.1200,1,1000.0000),(179,'INGREDIENTE 179',28.6800,1,1000.0000),(180,'INGREDIENTE 180',2.0500,1,1000.0000),(181,'INGREDIENTE 181',14.2200,1,1000.0000),(182,'INGREDIENTE 182',4.9300,1,1000.0000),(183,'INGREDIENTE 183',12.0100,1,1000.0000),(184,'INGREDIENTE 184',15.2500,1,1000.0000),(185,'INGREDIENTE 185',10.2300,1,1000.0000),(186,'INGREDIENTE 186',5.4100,1,1000.0000),(187,'INGREDIENTE 187',26.3300,1,1000.0000),(188,'INGREDIENTE 188',25.4300,1,1000.0000),(189,'INGREDIENTE 189',18.1700,1,1000.0000),(190,'INGREDIENTE 190',14.5400,1,1000.0000),(191,'INGREDIENTE 191',18.1900,1,1000.0000),(192,'INGREDIENTE 192',17.3300,1,1000.0000),(193,'INGREDIENTE 193',2.0900,1,1000.0000),(194,'INGREDIENTE 194',18.4600,1,1000.0000),(195,'INGREDIENTE 195',26.0300,1,1000.0000),(196,'INGREDIENTE 196',14.7800,1,1000.0000),(197,'INGREDIENTE 197',25.7900,1,1000.0000),(198,'INGREDIENTE 198',24.6200,1,1000.0000),(199,'INGREDIENTE 199',15.7300,1,1000.0000),(200,'INGREDIENTE 200',4.8100,1,1000.0000),(201,'INGREDIENTE 201',6.8400,1,1000.0000),(202,'INGREDIENTE 202',19.7600,1,1000.0000),(203,'INGREDIENTE 203',18.3100,1,1000.0000),(204,'INGREDIENTE 204',2.2400,1,1000.0000),(205,'INGREDIENTE 205',16.2900,1,1000.0000),(206,'INGREDIENTE 206',14.7100,1,1000.0000),(207,'INGREDIENTE 207',24.6800,1,1000.0000),(208,'INGREDIENTE 208',19.2900,1,1000.0000),(209,'INGREDIENTE 209',22.4000,1,1000.0000),(210,'INGREDIENTE 210',24.1200,1,1000.0000),(211,'INGREDIENTE 211',23.4000,1,1000.0000),(212,'INGREDIENTE 212',14.6500,1,1000.0000),(213,'INGREDIENTE 213',3.0300,1,1000.0000),(214,'INGREDIENTE 214',1.2000,1,1000.0000),(215,'INGREDIENTE 215',26.9000,1,1000.0000),(216,'INGREDIENTE 216',10.9100,1,1000.0000),(217,'INGREDIENTE 217',3.8600,1,1000.0000),(218,'INGREDIENTE 218',16.5600,1,1000.0000),(219,'INGREDIENTE 219',11.2400,1,1000.0000),(220,'INGREDIENTE 220',6.5100,1,1000.0000),(221,'INGREDIENTE 221',28.8400,1,1000.0000),(222,'INGREDIENTE 222',4.6600,1,1000.0000),(223,'INGREDIENTE 223',26.8000,1,1000.0000),(224,'INGREDIENTE 224',0.0000,1,1000.0000),(225,'INGREDIENTE 225',9.6100,1,1000.0000),(226,'INGREDIENTE 226',18.0500,1,1000.0000),(227,'INGREDIENTE 227',1.4200,1,1000.0000),(228,'INGREDIENTE 228',12.9500,1,1000.0000),(229,'INGREDIENTE 229',0.4900,1,1000.0000),(230,'INGREDIENTE 230',23.6000,1,1000.0000),(231,'INGREDIENTE 231',26.5200,1,1000.0000),(232,'INGREDIENTE 232',1.8100,1,1000.0000),(233,'INGREDIENTE 233',19.4900,1,1000.0000),(234,'INGREDIENTE 234',2.0200,1,1000.0000),(235,'INGREDIENTE 235',11.6300,1,1000.0000),(236,'INGREDIENTE 236',22.1000,1,1000.0000),(237,'INGREDIENTE 237',15.6000,1,1000.0000),(238,'INGREDIENTE 238',11.6800,1,1000.0000),(239,'INGREDIENTE 239',11.6200,1,1000.0000),(240,'INGREDIENTE 240',23.0600,1,1000.0000),(241,'INGREDIENTE 241',20.4200,1,1000.0000),(242,'INGREDIENTE 242',2.9500,1,1000.0000),(243,'INGREDIENTE 243',13.4800,1,1000.0000),(244,'INGREDIENTE 244',28.5700,1,1000.0000),(245,'INGREDIENTE 245',12.3900,1,1000.0000),(246,'INGREDIENTE 246',6.2600,1,1000.0000),(247,'INGREDIENTE 247',24.1200,1,1000.0000),(248,'INGREDIENTE 248',11.8000,1,1000.0000),(249,'INGREDIENTE 249',16.6700,1,1000.0000),(250,'INGREDIENTE 250',17.9600,1,1000.0000),(251,'INGREDIENTE 251',9.7500,1,1000.0000),(252,'INGREDIENTE 252',24.9100,1,1000.0000),(253,'INGREDIENTE 253',5.2800,1,1000.0000),(254,'INGREDIENTE 254',11.6600,1,1000.0000),(255,'INGREDIENTE 255',12.4600,1,1000.0000),(256,'INGREDIENTE 256',27.3400,1,1000.0000),(257,'INGREDIENTE 257',9.3000,1,1000.0000),(258,'INGREDIENTE 258',24.4800,1,1000.0000),(259,'INGREDIENTE 259',4.5200,1,1000.0000),(260,'INGREDIENTE 260',9.1500,1,1000.0000),(261,'INGREDIENTE 261',2.1800,1,1000.0000),(262,'INGREDIENTE 262',13.4400,1,1000.0000),(263,'INGREDIENTE 263',0.6600,1,1000.0000),(264,'INGREDIENTE 264',22.9800,1,1000.0000),(265,'INGREDIENTE 265',22.9400,1,1000.0000),(266,'INGREDIENTE 266',15.7600,1,1000.0000),(267,'INGREDIENTE 267',9.9700,1,1000.0000),(268,'INGREDIENTE 268',2.5900,1,1000.0000),(269,'INGREDIENTE 269',13.0100,1,1000.0000),(270,'INGREDIENTE 270',27.2900,1,1000.0000),(271,'INGREDIENTE 271',7.4200,1,1000.0000),(272,'INGREDIENTE 272',15.2400,1,1000.0000),(273,'INGREDIENTE 273',23.9300,1,1000.0000),(274,'INGREDIENTE 274',13.9500,1,1000.0000),(275,'INGREDIENTE 275',27.9300,1,1000.0000),(276,'INGREDIENTE 276',7.8200,1,1000.0000),(277,'INGREDIENTE 277',15.3200,1,1000.0000),(278,'INGREDIENTE 278',23.1300,1,1000.0000),(279,'INGREDIENTE 279',9.6800,1,1000.0000),(280,'INGREDIENTE 280',9.0400,1,1000.0000),(281,'INGREDIENTE 281',16.1300,1,1000.0000),(282,'INGREDIENTE 282',23.5400,1,1000.0000),(283,'INGREDIENTE 283',9.2900,1,1000.0000),(284,'INGREDIENTE 284',5.8500,1,1000.0000),(285,'INGREDIENTE 285',1.3600,1,1000.0000),(286,'INGREDIENTE 286',19.2400,1,1000.0000),(287,'INGREDIENTE 287',2.1400,1,1000.0000),(288,'INGREDIENTE 288',12.9600,1,1000.0000),(289,'INGREDIENTE 289',28.3800,1,1000.0000),(290,'INGREDIENTE 290',13.0300,1,1000.0000),(291,'INGREDIENTE 291',10.0000,1,1000.0000),(292,'INGREDIENTE 292',10.9000,1,1000.0000),(293,'INGREDIENTE 293',24.5200,1,1000.0000),(294,'INGREDIENTE 294',29.9100,1,1000.0000),(295,'INGREDIENTE 295',15.9800,1,1000.0000),(296,'INGREDIENTE 296',20.1700,1,1000.0000),(297,'INGREDIENTE 297',22.8900,1,1000.0000),(298,'INGREDIENTE 298',23.9700,1,1000.0000),(299,'INGREDIENTE 299',21.1800,1,1000.0000),(300,'INGREDIENTE 300',3.9900,1,1000.0000),(301,'INGREDIENTE 301',16.4000,1,1000.0000),(302,'INGREDIENTE 302',10.0100,1,1000.0000),(303,'INGREDIENTE 303',0.8900,1,1000.0000),(304,'INGREDIENTE 304',4.3900,1,1000.0000),(305,'INGREDIENTE 305',19.2900,1,1000.0000),(306,'INGREDIENTE 306',23.2800,1,1000.0000),(307,'INGREDIENTE 307',28.5100,1,1000.0000),(308,'INGREDIENTE 308',12.7400,1,1000.0000),(309,'INGREDIENTE 309',8.1500,1,1000.0000),(310,'INGREDIENTE 310',2.5500,1,1000.0000),(311,'INGREDIENTE 311',18.2800,1,1000.0000),(312,'INGREDIENTE 312',23.7400,1,1000.0000),(313,'INGREDIENTE 313',3.8900,1,1000.0000),(314,'INGREDIENTE 314',8.2300,1,1000.0000),(315,'INGREDIENTE 315',29.4600,1,1000.0000),(316,'INGREDIENTE 316',2.6100,1,1000.0000),(317,'INGREDIENTE 317',14.6800,1,1000.0000),(318,'INGREDIENTE 318',5.5800,1,1000.0000),(319,'INGREDIENTE 319',13.8500,1,1000.0000),(320,'INGREDIENTE 320',22.5000,1,1000.0000),(322,'BOLACHA MAIZENA',10.0000,0,1000.0000),(323,'AMIDO DE MILHO - MAIZENA',9.5000,0,1000.0000),(324,'LEITE DE COCO',4.5900,0,1000.0000),(325,'MARGARINA AMELIA 80%',18.9900,0,1000.0000),(326,'ÁGUA',0.0100,1,1000.0000),(327,'CHOCOLATE PO 50%',26.0000,0,1.0000),(328,'OVO',18.0000,1,1000.0000),(329,'SAL',3.0000,0,1000.0000),(330,'ACUCAR REFINADO',3.9900,0,1000.0000),(331,'FERMENTO',12.5000,1,120.0000);
/*!40000 ALTER TABLE `ingredientes` ENABLE KEYS */;
UNLOCK TABLES;

--
-- Table structure for table `receitas`
--

DROP TABLE IF EXISTS `receitas`;
/*!40101 SET @saved_cs_client     = @@character_set_client */;
/*!50503 SET character_set_client = utf8mb4 */;
CREATE TABLE `receitas` (
  `id` int NOT NULL AUTO_INCREMENT,
  `nome` varchar(100) DEFAULT NULL,
  `descricao` varchar(500) DEFAULT NULL,
  `status` tinyint NOT NULL DEFAULT '1',
  `preparo` longtext,
  `tempoPreparo` int DEFAULT '0',
  PRIMARY KEY (`id`)
) ENGINE=InnoDB AUTO_INCREMENT=7 DEFAULT CHARSET=utf8mb4 COLLATE=utf8mb4_0900_ai_ci;
/*!40101 SET character_set_client = @saved_cs_client */;

--
-- Dumping data for table `receitas`
--

LOCK TABLES `receitas` WRITE;
/*!40000 ALTER TABLE `receitas` DISABLE KEYS */;
INSERT INTO `receitas` VALUES (1,'Bolo de Fubá','Bolo de fubá com laranja, muito fofinho e molhado',3,'como preparar',0),(5,'MASSA CHIFFON CHOCOLATE 50%','MASSA DE BOLO CHIFFON 50% CACAU. NAO NECESSITA DE CLARA EM NEVE',2,'BATER TUDO E POR NO FORNO',0),(6,'MASSA PÃO DE LÓ','massa pao de lo requer claras em neve',1,'1 - Fazer tal coisa;\n2 - Fazer outra coisa\n3 - Fazer mais alguma coisa;',0);
/*!40000 ALTER TABLE `receitas` ENABLE KEYS */;
UNLOCK TABLES;

--
-- Table structure for table `receitasingredientes`
--

DROP TABLE IF EXISTS `receitasingredientes`;
/*!40101 SET @saved_cs_client     = @@character_set_client */;
/*!50503 SET character_set_client = utf8mb4 */;
CREATE TABLE `receitasingredientes` (
  `id` int NOT NULL AUTO_INCREMENT,
  `idReceita` int NOT NULL,
  `idIngrediente` int NOT NULL,
  `percentual` float NOT NULL,
  `ordem` int DEFAULT NULL,
  `status` tinyint DEFAULT '0',
  PRIMARY KEY (`id`),
  KEY `fk_receita` (`idReceita`),
  KEY `fk_ingrediente` (`idIngrediente`),
  CONSTRAINT `fk_ingrediente` FOREIGN KEY (`idIngrediente`) REFERENCES `ingredientes` (`id`),
  CONSTRAINT `fk_receita` FOREIGN KEY (`idReceita`) REFERENCES `receitas` (`id`)
) ENGINE=InnoDB AUTO_INCREMENT=48 DEFAULT CHARSET=utf8mb4 COLLATE=utf8mb4_0900_ai_ci;
/*!40101 SET character_set_client = @saved_cs_client */;

--
-- Dumping data for table `receitasingredientes`
--

LOCK TABLES `receitasingredientes` WRITE;
/*!40000 ALTER TABLE `receitasingredientes` DISABLE KEYS */;
INSERT INTO `receitasingredientes` VALUES (1,1,1,10,3,0),(2,1,2,25.5,2,0),(3,1,3,15.8,1,0),(4,5,1,30,4,0),(5,5,327,40,1,0),(6,5,326,10,2,0),(7,5,328,20,3,0),(41,6,1,50,5,0),(43,6,326,30,2,0),(44,6,329,0.2,3,0),(45,6,330,0.8,4,0),(46,6,328,15,1,0),(47,6,331,4,6,0);
/*!40000 ALTER TABLE `receitasingredientes` ENABLE KEYS */;
UNLOCK TABLES;

--
-- Dumping routines for database 'agendabolo'
--
/*!40103 SET TIME_ZONE=@OLD_TIME_ZONE */;

/*!40101 SET SQL_MODE=@OLD_SQL_MODE */;
/*!40014 SET FOREIGN_KEY_CHECKS=@OLD_FOREIGN_KEY_CHECKS */;
/*!40014 SET UNIQUE_CHECKS=@OLD_UNIQUE_CHECKS */;
/*!40101 SET CHARACTER_SET_CLIENT=@OLD_CHARACTER_SET_CLIENT */;
/*!40101 SET CHARACTER_SET_RESULTS=@OLD_CHARACTER_SET_RESULTS */;
/*!40101 SET COLLATION_CONNECTION=@OLD_COLLATION_CONNECTION */;
/*!40111 SET SQL_NOTES=@OLD_SQL_NOTES */;

-- Dump completed on 2023-03-24 15:53:38
